<?xml version="1.0" encoding="ISO-8859-1" ?>

<!DOCTYPE struts-config PUBLIC
          "-//Apache Software Foundation//DTD Struts Configuration 1.1//EN"
          "http://jakarta.apache.org/struts/dtds/struts-config_1_1.dtd">

<!--
     This is the Struts configuration file for the "Hello!" sample application
-->

<struts-config>
  
    <!-- ======== Form Bean Definitions =================================== -->
    <form-beans>
        <form-bean name="HelloForm" type="hello.HelloForm"/>
    </form-beans>

  <!-- ========== Action Mapping Definitions ============================== -->
  <action-mappings>
    <!-- Say Hello! -->
    <action    path      = "/HelloWorld"
               type      = "hello.HelloAction"
               name      = "HelloForm"
               scope     = "request"
               validate  = "true"
               input     = "/hello.jsp"
     >
        <forward name="SayHello" path="/hello.jsp" />
    </action>
  </action-mappings>
  

  <!-- ========== Message Resources Definitions =========================== -->

  <message-resources parameter="hello.application"/>

</struts-config>
